"","term","estimate","std.error","statistic","p.value"
"1","(Intercept)",0.954699972040708,0.000759775389087342,1256.55553700879,0
"2","RMVTETH5",-0.0423742568519564,0.000549552128107547,-77.1068924760195,0
