"","term","estimate","std.error","statistic","p.value"
"1","(Intercept)",0.0453000279543382,0.000759775389087351,59.6229209381908,0
"2","RMVTETH5",0.0423742568518168,0.000549552128107554,77.1068924757647,0
